parameter,reaction,confidence,role,fractional_perturbation,observable,normalized_sensitivity,minus_value,plus_value,status
k1_DKE,R1,MEASURED_DERIVED,forward,0.005,mean_period_s,-0.12499632075411211,527.2000143142193,526.5414398878036,OK
k1_DKE,R1,MEASURED_DERIVED,forward,0.005,iodine_peak_M,0.00018170037596369244,0.00026015981438758237,0.00026016028710331216,OK
k1_DKE,R1,MEASURED_DERIVED,forward,0.005,iodide_min_M,0.1314916895779725,9.316112191853868e-11,9.328370264736582e-11,OK
k1_DKE,R1,MEASURED_DERIVED,forward,0.005,iodide_max_M,-0.9738386579949758,8.412506783858565e-06,8.330979477819505e-06,OK
k1_DKE,R1,MEASURED_DERIVED,forward,0.01,mean_period_s,-0.12499894633099162,527.532853461222,526.2156357303871,OK
k1_DKE,R1,MEASURED_DERIVED,forward,0.01,iodine_peak_M,0.0001818871686736416,0.0002601595777651877,0.00026016052419223774,OK
k1_DKE,R1,MEASURED_DERIVED,forward,0.01,iodide_min_M,0.13149068764625324,9.309957644006882e-11,9.33447413867397e-11,OK
k1_DKE,R1,MEASURED_DERIVED,forward,0.01,iodide_max_M,-0.9738375595715615,8.453873293319983e-06,8.290807026436672e-06,OK
k1_DKE,R1,MEASURED_DERIVED,forward,0.02,mean_period_s,-0.12500746879920366,528.2057696442973,525.570824876482,OK
k1_DKE,R1,MEASURED_DERIVED,forward,0.02,iodine_peak_M,0.00018182927575908814,0.0002601591043281685,0.00026016099676906405,OK
k1_DKE,R1,MEASURED_DERIVED,forward,0.02,iodide_min_M,0.13148701679748115,9.297596042417347e-11,9.346631946559185e-11,OK
k1_DKE,R1,MEASURED_DERIVED,forward,0.02,iodide_max_M,-0.9738333442397602,8.537842055508046e-06,8.211616190027435e-06,OK
k2_DKE,R2,LITERATURE_ESTIMATE,forward,0.005,mean_period_s,-0.2926838270502575,527.6450759823124,526.1029891501055,OK
k2_DKE,R2,LITERATURE_ESTIMATE,forward,0.005,iodine_peak_M,-0.9024418453121872,0.00026133971081081193,0.00025899186225462217,OK
k2_DKE,R2,LITERATURE_ESTIMATE,forward,0.005,iodide_min_M,-0.27531074965519575,9.335112629252839e-11,9.30944719287595e-11,OK
k2_DKE,R2,LITERATURE_ESTIMATE,forward,0.005,iodide_max_M,-0.2816102004063832,8.383351465045636e-06,8.359776106608944e-06,OK
k2_DKE,R2,LITERATURE_ESTIMATE,forward,0.01,mean_period_s,-0.29269484247789934,528.4297134211354,525.3452743716132,OK
k2_DKE,R2,LITERATURE_ESTIMATE,forward,0.01,iodine_peak_M,-0.9024437290241354,0.0002625310151747858,0.00025783497586793277,OK
k2_DKE,R2,LITERATURE_ESTIMATE,forward,0.01,iodide_min_M,-0.27530615174278356,9.34803522368456e-11,9.296703529509735e-11,OK
k2_DKE,R2,LITERATURE_ESTIMATE,forward,0.01,iodide_max_M,-0.28160425441110054,8.395198293247265e-06,8.34804715463476e-06,OK
k2_DKE,R2,LITERATURE_ESTIMATE,forward,0.02,mean_period_s,-0.2927426057715937,530.0268683324174,523.8557888518599,OK
k2_DKE,R2,LITERATURE_ESTIMATE,forward,0.02,iodine_peak_M,-0.9024507079065833,0.0002649492638663859,0.00025555445243316245,OK
k2_DKE,R2,LITERATURE_ESTIMATE,forward,0.02,iodide_min_M,-0.2753032999323076,9.374066640125243e-11,9.271390866689367e-11,OK
k2_DKE,R2,LITERATURE_ESTIMATE,forward,0.02,iodide_max_M,-0.2815803069608756,8.419011298549615e-06,8.32470570077947e-06,OK
k3_DKE,R3,MEASURED_DERIVED,forward,0.005,mean_period_s,0.3777221454418749,525.8745585665976,527.8646760069475,OK
k3_DKE,R3,MEASURED_DERIVED,forward,0.005,iodine_peak_M,0.9022621623673089,0.0002589862518040068,0.00026133357992336274,OK
k3_DKE,R3,MEASURED_DERIVED,forward,0.005,iodide_min_M,-0.8558476015782995,9.362314820419826e-11,9.282528918567181e-11,OK
k3_DKE,R3,MEASURED_DERIVED,forward,0.005,iodide_max_M,0.2799507203261907,8.35978689759317e-06,8.383223166229251e-06,OK
k3_DKE,R3,MEASURED_DERIVED,forward,0.01,mean_period_s,0.3777133702633251,524.8797162799252,528.8599456196258,OK
k3_DKE,R3,MEASURED_DERIVED,forward,0.01,iodine_peak_M,0.9022604386571621,0.0002578121797814925,0.00026250684156183793,OK
k3_DKE,R3,MEASURED_DERIVED,forward,0.01,iodide_min_M,-0.8558400364575746,9.402727523599568e-11,9.243147239076398e-11,OK
k3_DKE,R3,MEASURED_DERIVED,forward,0.01,iodide_max_M,0.279957665264375,8.347950637058267e-06,8.394824760208667e-06,OK
k3_DKE,R3,MEASURED_DERIVED,forward,0.02,mean_period_s,0.3776764265956649,522.8904756298261,530.8508508867409,OK
k3_DKE,R3,MEASURED_DERIVED,forward,0.02,iodine_peak_M,0.9022533190550756,0.00025546320736872206,0.0002648525729635683,OK
k3_DKE,R3,MEASURED_DERIVED,forward,0.02,iodide_min_M,-0.8558185598074585,9.484617016967147e-11,9.165385264999939e-11,OK
k3_DKE,R3,MEASURED_DERIVED,forward,0.02,iodide_max_M,0.27998536682555547,8.324037833577393e-06,8.417798741320422e-06,OK
k_minus3_DKE,R3,MEASURED_DERIVED,reverse,0.005,mean_period_s,-0.3740515983000184,527.8599415103636,525.8891447352398,OK
k_minus3_DKE,R3,MEASURED_DERIVED,reverse,0.005,iodine_peak_M,-0.8922835402142196,0.0002613264214647602,0.00025900500169988256,OK
k_minus3_DKE,R3,MEASURED_DERIVED,reverse,0.005,iodide_min_M,0.2816244608157696,9.309117022555175e-11,9.335370943339926e-11,OK
k_minus3_DKE,R3,MEASURED_DERIVED,reverse,0.005,iodide_max_M,-0.27683445235755855,8.383151504822037e-06,8.359975953888288e-06,OK
k_minus3_DKE,R3,MEASURED_DERIVED,reverse,0.01,mean_period_s,-0.37405953681191273,528.8604332338648,524.9185594012599,OK
k_minus3_DKE,R3,MEASURED_DERIVED,reverse,0.01,iodine_peak_M,-0.8922854481758414,0.00026250428350822947,0.0002578611073012466,OK
k_minus3_DKE,R3,MEASURED_DERIVED,reverse,0.01,iodide_min_M,0.28161618130653343,9.295972181632983e-11,9.348479586208047e-11,OK
k_minus3_DKE,R3,MEASURED_DERIVED,reverse,0.01,iodide_max_M,-0.2768286253143021,8.394798251858156e-06,8.348446730256683e-06,OK
k_minus3_DKE,R3,MEASURED_DERIVED,reverse,0.02,mean_period_s,-0.3740968785282333,530.8924187455735,523.0063098315563,OK
k_minus3_DKE,R3,MEASURED_DERIVED,reverse,0.02,iodine_peak_M,-0.8922932042938175,0.0002648951798381473,0.0002556061317236245,OK
k_minus3_DKE,R3,MEASURED_DERIVED,reverse,0.02,iodide_min_M,0.28159357228507614,9.269646520710902e-11,9.374661761238773e-11,OK
k_minus3_DKE,R3,MEASURED_DERIVED,reverse,0.02,iodide_max_M,-0.27680529924070457,8.418210750721653e-06,8.325504354376114e-06,OK
k4_DKE,R4,GLOBAL_FIT,forward,0.005,mean_period_s,0.5934022876388503,525.3080938113056,528.4345772490785,OK
k4_DKE,R4,GLOBAL_FIT,forward,0.005,iodine_peak_M,2.092223647806958,0.00025744456588146583,0.00026288766972568133,OK
k4_DKE,R4,GLOBAL_FIT,forward,0.005,iodide_min_M,-0.04358236810724783,9.324293278677565e-11,9.320230382417283e-11,OK
k4_DKE,R4,GLOBAL_FIT,forward,0.005,iodide_max_M,0.654283903275489,8.344014330879982e-06,8.39878732000575e-06,OK
k4_DKE,R4,GLOBAL_FIT,forward,0.01,mean_period_s,0.5933816376019074,523.750194354614,530.0031080014256,OK
k4_DKE,R4,GLOBAL_FIT,forward,0.01,iodine_peak_M,2.0922335066315383,0.00025474126861140537,0.00026562737005854896,OK
k4_DKE,R4,GLOBAL_FIT,forward,0.01,iodide_min_M,-0.043584703173914885,9.326361616705192e-11,9.31823515416991e-11,OK
k4_DKE,R4,GLOBAL_FIT,forward,0.01,iodide_max_M,0.654343749853886,8.316194910192334e-06,8.4257468479255e-06,OK
k4_DKE,R4,GLOBAL_FIT,forward,0.02,mean_period_s,0.5933082046949559,520.6451783644166,533.1507746283735,OK
k4_DKE,R4,GLOBAL_FIT,forward,0.02,iodine_peak_M,2.092273332684202,0.0002493714476451348,0.00027114280485931146,OK
k4_DKE,R4,GLOBAL_FIT,forward,0.02,iodide_min_M,-0.04359833951512192,9.330573613493083e-11,9.314313726828704e-11,OK
k4_DKE,R4,GLOBAL_FIT,forward,0.02,iodide_max_M,0.6545832841505341,8.259675239811292e-06,8.478826814284264e-06,OK
k_minus4_DKE,R4,LITERATURE_ESTIMATE,reverse,0.005,mean_period_s,-0.16996000299823388,527.3185580162171,526.4230811086958,OK
k_minus4_DKE,R4,LITERATURE_ESTIMATE,reverse,0.005,iodine_peak_M,-0.5860473781688293,0.0002609249336245287,0.0002594002492365131,OK
k_minus4_DKE,R4,LITERATURE_ESTIMATE,reverse,0.005,iodide_min_M,0.05183469945471354,9.319831203011482e-11,9.324663402043596e-11,OK
k_minus4_DKE,R4,LITERATURE_ESTIMATE,reverse,0.005,iodide_max_M,-0.18346898749767765,8.379233345472826e-06,8.36387401700921e-06,OK
k_minus4_DKE,R4,LITERATURE_ESTIMATE,reverse,0.01,mean_period_s,-0.16996287395169554,527.7701277595149,525.9790873310365,OK
k_minus4_DKE,R4,LITERATURE_ESTIMATE,reverse,0.01,iodine_peak_M,-0.5860414163917763,0.00026169495247012033,0.00025864547531706804,OK
k_minus4_DKE,R4,LITERATURE_ESTIMATE,reverse,0.01,iodide_min_M,0.051833804550537085,9.317407655943634e-11,9.327072120442252e-11,OK
k_minus4_DKE,R4,LITERATURE_ESTIMATE,reverse,0.01,iodide_max_M,-0.1834651359651757,8.386941734843352e-06,8.35622287560379e-06,OK
k_minus4_DKE,R4,LITERATURE_ESTIMATE,reverse,0.02,mean_period_s,-0.16995970660930038,528.6809928799078,525.0985278033306,OK
k_minus4_DKE,R4,LITERATURE_ESTIMATE,reverse,0.02,iodine_peak_M,-0.586017162388582,0.00026325061903560785,0.00025715080170030574,OK
k_minus4_DKE,R4,LITERATURE_ESTIMATE,reverse,0.02,iodide_min_M,0.051829816157005354,9.312546006329402e-11,9.331875315510649e-11,OK
k_minus4_DKE,R4,LITERATURE_ESTIMATE,reverse,0.02,iodide_max_M,-0.18344963831206443,8.402416468234292e-06,8.340977161069523e-06,OK
k5_DKE,R5,GLOBAL_FIT,forward,0.005,mean_period_s,-0.15939778500581905,527.2906718246871,526.4508446853977,OK
k5_DKE,R5,GLOBAL_FIT,forward,0.005,iodine_peak_M,-0.607023490672931,0.00026095229058838544,0.00025937303380371013,OK
k5_DKE,R5,GLOBAL_FIT,forward,0.005,iodide_min_M,0.07918526502341182,9.318551556500011e-11,9.325933460066886e-11,OK
k5_DKE,R5,GLOBAL_FIT,forward,0.005,iodide_max_M,-0.19004668049762027,8.379508214054376e-06,8.36359822725696e-06,OK
k5_DKE,R5,GLOBAL_FIT,forward,0.01,mean_period_s,-0.15939696896868924,527.7142372369476,526.034539058162,OK
k5_DKE,R5,GLOBAL_FIT,forward,0.01,iodine_peak_M,-0.6070174322871684,0.0002617498111293227,0.00025859118408717147,OK
k5_DKE,R5,GLOBAL_FIT,forward,0.01,iodide_min_M,0.07918580592287786,9.314838708832291e-11,9.329602949287543e-11,OK
k5_DKE,R5,GLOBAL_FIT,forward,0.01,iodide_max_M,-0.19004275652353983,8.387490563818598e-06,8.355670376845392e-06,OK
k5_DKE,R5,GLOBAL_FIT,forward,0.02,mean_period_s,-0.1593955674428424,528.5687667714858,525.2089800968208,OK
k5_DKE,R5,GLOBAL_FIT,forward,0.02,iodine_peak_M,-0.6069930256507482,0.0002633609249857402,0.00025704276469186926,OK
k5_DKE,R5,GLOBAL_FIT,forward,0.02,iodide_min_M,0.07918493548288154,9.307368902421715e-11,9.336899719751493e-11,OK
k5_DKE,R5,GLOBAL_FIT,forward,0.02,iodide_max_M,-0.19002707169906446,8.403510509907259e-06,8.339868424464057e-06,OK
k6_DKE,R6,GLOBAL_FIT,forward,0.005,mean_period_s,0.33523927440625073,525.9847676833878,527.7510489011192,OK
k6_DKE,R6,GLOBAL_FIT,forward,0.005,iodine_peak_M,1.1670127408546622,0.0002586407098425571,0.0002616767864228989,OK
k6_DKE,R6,GLOBAL_FIT,forward,0.005,iodide_min_M,-0.1361268435435271,9.32862610959716e-11,9.315935878940433e-11,OK
k6_DKE,R6,GLOBAL_FIT,forward,0.005,iodide_max_M,0.3654375571848083,8.35617095286289e-06,8.3867636593818e-06,OK
k6_DKE,R6,GLOBAL_FIT,forward,0.01,mean_period_s,0.3352382311429939,525.0966807171388,528.6292775028476,OK
k6_DKE,R6,GLOBAL_FIT,forward,0.01,iodine_peak_M,1.1670308431260368,0.0002571187890729036,0.00026319089024692295,OK
k6_DKE,R6,GLOBAL_FIT,forward,0.01,iodide_min_M,-0.13613548716728158,9.33506599029047e-11,9.309683039927306e-11,OK
k6_DKE,R6,GLOBAL_FIT,forward,0.01,iodide_max_M,0.36546310944392324,8.340642116160946e-06,8.401831447914381e-06,OK
k6_DKE,R6,GLOBAL_FIT,forward,0.02,mean_period_s,0.3352323187818078,523.310522171527,530.3759536578989,OK
k6_DKE,R6,GLOBAL_FIT,forward,0.02,iodine_peak_M,1.167104127395039,0.00025406731333211635,0.00026621110881416295,OK
k6_DKE,R6,GLOBAL_FIT,forward,0.02,iodide_min_M,-0.1361558923778471,9.348138185458862e-11,9.297357657029634e-11,OK
k6_DKE,R6,GLOBAL_FIT,forward,0.02,iodide_max_M,0.3655656290051914,8.309109427033162e-06,8.431519539848045e-06,OK
k7_DKE,R7,MEASURED_DERIVED,forward,0.005,mean_period_s,4.1539758519527964e-10,526.8695428428263,526.869542845015,OK
k7_DKE,R7,MEASURED_DERIVED,forward,0.005,iodine_peak_M,1.598707832695111e-12,0.00026016005094284733,0.00026016005094285145,OK
k7_DKE,R7,MEASURED_DERIVED,forward,0.005,iodide_min_M,-2.6147754774746705e-10,9.322249661936354e-11,9.322249661911979e-11,OK
k7_DKE,R7,MEASURED_DERIVED,forward,0.005,iodide_max_M,2.8421472581246415e-12,8.371544142620026e-06,8.371544142620267e-06,OK
k7_DKE,R7,MEASURED_DERIVED,forward,0.01,mean_period_s,3.325673230140959e-10,526.8695428430547,526.8695428465595,OK
k7_DKE,R7,MEASURED_DERIVED,forward,0.01,iodine_peak_M,1.3322232194449028e-12,0.0002601600509428453,0.00026016005094285226,OK
k7_DKE,R7,MEASURED_DERIVED,forward,0.01,iodide_min_M,-2.2825424493156e-10,9.32224966193745e-11,9.322249661894894e-11,OK
k7_DKE,R7,MEASURED_DERIVED,forward,0.01,iodide_max_M,2.309186913704498e-12,8.371544142620026e-06,8.371544142620404e-06,OK
k7_DKE,R7,MEASURED_DERIVED,forward,0.02,mean_period_s,2.732782583537036e-10,526.8695428409712,526.8695428467313,OK
k7_DKE,R7,MEASURED_DERIVED,forward,0.02,iodine_peak_M,1.3764929740782862e-12,0.00026016005094284153,0.00026016005094285606,OK
k7_DKE,R7,MEASURED_DERIVED,forward,0.02,iodide_min_M,-1.7512542870208905e-10,9.322249661956587e-11,9.32224966189125e-11,OK
k7_DKE,R7,MEASURED_DERIVED,forward,0.02,iodide_max_M,1.5985079698973644e-12,8.371544142620045e-06,8.371544142620575e-06,OK
k8_DKE,R8,MEASURED_DERIVED,forward,0.005,mean_period_s,-7.176250409758215e-07,526.8695596343612,526.8695558533817,OK
k8_DKE,R8,MEASURED_DERIVED,forward,0.005,iodine_peak_M,-4.8181501393357985e-09,0.0002601600505612291,0.0002601600505486939,OK
k8_DKE,R8,MEASURED_DERIVED,forward,0.005,iodide_min_M,7.611877866234214e-07,9.322249722528832e-11,9.322249793489231e-11,OK
k8_DKE,R8,MEASURED_DERIVED,forward,0.005,iodide_max_M,-9.170365762542788e-09,8.371544138517068e-06,8.37154413774936e-06,OK
k8_DKE,R8,MEASURED_DERIVED,forward,0.01,mean_period_s,2.039713682363313e-08,526.8695572244105,526.8695574393502,OK
k8_DKE,R8,MEASURED_DERIVED,forward,0.01,iodine_peak_M,5.504391083221153e-08,0.0002601600505776038,0.00026016005086401743,OK
k8_DKE,R8,MEASURED_DERIVED,forward,0.01,iodide_min_M,-2.444698883288808e-07,9.322249761740339e-11,9.32224971615862e-11,OK
k8_DKE,R8,MEASURED_DERIVED,forward,0.01,iodide_max_M,1.5154305565829658e-08,8.371544138713495e-06,8.371544141250884e-06,OK
k8_DKE,R8,MEASURED_DERIVED,forward,0.02,mean_period_s,1.874180437965981e-07,526.8695452102868,526.8695491606079,OK
k8_DKE,R8,MEASURED_DERIVED,forward,0.02,iodine_peak_M,-2.3841080326031734e-08,0.0002601600509046854,0.0002601600506565523,OK
k8_DKE,R8,MEASURED_DERIVED,forward,0.02,iodide_min_M,-3.4956172285715564e-07,9.322249758064172e-11,9.322249627698719e-11,OK
k8_DKE,R8,MEASURED_DERIVED,forward,0.02,iodide_max_M,-5.020380697457656e-09,8.371544141526972e-06,8.371544139845617e-06,OK
k9_DKE,R9,SUBSYSTEM_FIT,forward,0.005,mean_period_s,-0.8062357582064682,529.0047157531951,524.7568022816405,OK
k9_DKE,R9,SUBSYSTEM_FIT,forward,0.005,iodine_peak_M,-0.26969547771574365,0.00026051104478624074,0.00025980939901117,OK
k9_DKE,R9,SUBSYSTEM_FIT,forward,0.005,iodide_min_M,-0.09987662939993806,9.326917644674385e-11,9.31760680656277e-11,OK
k9_DKE,R9,SUBSYSTEM_FIT,forward,0.005,iodide_max_M,0.8868037987208038,8.334399520094425e-06,8.408638601268472e-06,OK
k9_DKE,R9,SUBSYSTEM_FIT,forward,0.01,mean_period_s,-0.8062399021580946,531.1626140034953,522.6661270710983,OK
k9_DKE,R9,SUBSYSTEM_FIT,forward,0.01,iodine_peak_M,-0.2696889102864524,0.00026086238170716696,0.00025945908902734596,OK
k9_DKE,R9,SUBSYSTEM_FIT,forward,0.01,iodide_min_M,-0.09987653713295108,9.331610741237587e-11,9.312988546542568e-11,OK
k9_DKE,R9,SUBSYSTEM_FIT,forward,0.01,iodide_max_M,0.8868056716892558,8.29720485753966e-06,8.445682791884596e-06,OK
k9_DKE,R9,SUBSYSTEM_FIT,forward,0.02,mean_period_s,-0.8062557894007727,535.5479913073349,518.5497499649949,OK
k9_DKE,R9,SUBSYSTEM_FIT,forward,0.02,iodine_peak_M,-0.269661808324987,0.0002615660824609525,0.00025875949669303724,OK
k9_DKE,R9,SUBSYSTEM_FIT,forward,0.02,iodide_min_M,-0.09987518850860715,9.341073451054755e-11,9.303825278142704e-11,OK
k9_DKE,R9,SUBSYSTEM_FIT,forward,0.02,iodide_max_M,0.8868134781945383,8.222665808255597e-06,8.519619958193647e-06,OK
k10_DKE,R10,MEASURED_DERIVED,forward,0.005,mean_period_s,-0.3790591801920649,527.8732059303977,525.8760250803464,OK
k10_DKE,R10,MEASURED_DERIVED,forward,0.005,iodine_peak_M,-0.9041746737519424,0.0002613419747849858,0.0002589896179674496,OK
k10_DKE,R10,MEASURED_DERIVED,forward,0.005,iodide_min_M,0.8666075888401218,9.28183265775727e-11,9.362619945966724e-11,OK
k10_DKE,R10,MEASURED_DERIVED,forward,0.005,iodide_max_M,-0.2806364579601299,8.383310501369371e-06,8.359816661494545e-06,OK
k10_DKE,R10,MEASURED_DERIVED,forward,0.01,mean_period_s,-0.37906804253279924,528.8871292264039,524.8924734890707,OK
k10_DKE,R10,MEASURED_DERIVED,forward,0.01,iodine_peak_M,-0.9041762391490087,0.00026253556229355524,0.00025783050731794727,OK
k10_DKE,R10,MEASURED_DERIVED,forward,0.01,iodide_min_M,0.8666116422101875,9.241368891406332e-11,9.402944018713367e-11,OK
k10_DKE,R10,MEASURED_DERIVED,forward,0.01,iodide_max_M,-0.28063042522163445,8.395115943872325e-06,8.348127864618708e-06,OK
k10_DKE,R10,MEASURED_DERIVED,forward,0.02,mean_period_s,-0.37910427432263727,530.9464130100289,522.9547319255075,OK
k10_DKE,R10,MEASURED_DERIVED,forward,0.02,iodine_peak_M,-0.9041831276381086,0.00026495843841923693,0.0002555455902020347,OK
k10_DKE,R10,MEASURED_DERIVED,forward,0.02,iodide_min_M,0.866618720210639,9.160300507074768e-11,9.4834517294816e-11,OK
k10_DKE,R10,MEASURED_DERIVED,forward,0.02,iodide_max_M,-0.28060640252557406,8.418844905986974e-06,8.324865513934452e-06,OK
C9_DKE,R9,SUBSYSTEM_FIT,saturation denominator,0.005,mean_period_s,0.2443110915533076,526.2261904544946,527.5134018911593,OK
C9_DKE,R9,SUBSYSTEM_FIT,saturation denominator,0.005,iodine_peak_M,0.1932541502811404,0.0002599079157993219,0.0002604106884813736,OK
C9_DKE,R9,SUBSYSTEM_FIT,saturation denominator,0.005,iodide_min_M,0.0001302853909904334,9.322243697120594e-11,9.322255842751382e-11,OK
C9_DKE,R9,SUBSYSTEM_FIT,saturation denominator,0.005,iodide_max_M,-0.6248126718289053,8.39776741468747e-06,8.34546024491629e-06,OK
C9_DKE,R9,SUBSYSTEM_FIT,saturation denominator,0.01,mean_period_s,0.24430445581723936,525.5832944471142,528.1577113713452,OK
C9_DKE,R9,SUBSYSTEM_FIT,saturation denominator,0.01,iodine_peak_M,0.19325586532798564,0.0002596542711535673,0.00026065984096134293,OK
C9_DKE,R9,SUBSYSTEM_FIT,saturation denominator,0.01,iodide_min_M,0.00013154756583946055,9.322237486167916e-11,9.322262013370753e-11,OK
C9_DKE,R9,SUBSYSTEM_FIT,saturation denominator,0.01,iodide_max_M,-0.6247968911835287,8.4241308508982e-06,8.319514946538103e-06,OK
C9_DKE,R9,SUBSYSTEM_FIT,saturation denominator,0.02,mean_period_s,0.2442750371985703,524.2989828726375,529.4477087195271,OK
C9_DKE,R9,SUBSYSTEM_FIT,saturation denominator,0.02,iodine_peak_M,0.19326193005693199,0.00025914240818716773,0.00026115373511202575,OK
C9_DKE,R9,SUBSYSTEM_FIT,saturation denominator,0.02,iodide_min_M,0.00013155713896283037,9.322225204247111e-11,9.322274267129694e-11,OK
C9_DKE,R9,SUBSYSTEM_FIT,saturation denominator,0.02,iodide_max_M,-0.6247340355141958,8.477281386239252e-06,8.268036967991103e-06,OK
