parameter_name,value,units,direction,reaction_definition,temperature_K,ionic_strength_M,pH_or_acid,solvent,experimental_technique,fitted_or_measured,original_source,doi,page_table_equation,transformation,uncertainty,confidence,compatibility,status_note
k1_DKE,1430,M^-3 s^-1,forward,IO3- + I- + 2 H+ -> HIO2 + HOI,298.15,UNKNOWN,acidic with AgI and AgNO3,water,low-iodide Dushman subsystem,derived,Furuichi and Liebhafsky 1975 adopted by DKE,10.1246/bcsj.48.745,DKE p.50,None reported,UNKNOWN,MEASURED_DERIVED,REQUIRES_REFORMULATION,Low-iodide limiting rate term is not a four-body elementary event and silver maintained the low iodide condition
k2_DKE,2.0e10,M^-2 s^-1,forward,HIO2 + I- + H+ -> 2 HOI,298.15,UNKNOWN,acidic,water,analogy to bromine chemistry,estimated,De Kepper and Epstein 1982,10.1021/ja00365a012,p.50,None,UNKNOWN,LITERATURE_ESTIMATE,REQUIRES_NEW_MEASUREMENT,DKE states no direct experimental measurement
k3_DKE,3.1e12,M^-2 s^-1,forward,HOI + I- + H+ -> I2 + H2O,293.15,UNKNOWN,acidic aqueous,water,temperature jump,derived,Eigen and Kustin 1962 as adopted by DKE,10.1021/ja00867a014,DKE p.51,Historical overall hydrolysis relaxation expression,UNKNOWN,MEASURED_DERIVED,REQUIRES_REFORMULATION,Later analyses invoke I2OH- and coupled speciation
k_minus3_DKE,2.2,s^-1,reverse,I2 + H2O -> HOI + I- + H+,293.15,UNKNOWN,acidic aqueous,water,temperature jump,derived,Eigen and Kustin 1962 as adopted by DKE,10.1021/ja00867a014,DKE p.51,Water absorbed into first-order constant,UNKNOWN,MEASURED_DERIVED,REQUIRES_REFORMULATION,Not transferable without the same concentration and activity convention
k4_DKE,7.3e3,M^-2 s^-1,forward,IO3- + HIO2 + H+ -> 2 IO2 radical + H2O,298.15,UNKNOWN,acidic,water,full-model optimization from analogy-based starting value,fitted,De Kepper and Epstein 1982,10.1021/ja00365a012,p.51,Optimized for improved agreement,UNKNOWN,GLOBAL_FIT,REQUIRES_NEW_CALCULATION,DKE explicitly reports no experimental data
k_minus4_DKE,1.7e7,M^-1 s^-1,reverse,2 IO2 radical -> IO3- + HIO2 + H+,298.15,UNKNOWN,acidic,water,bromine/FKN analogy,estimated,De Kepper and Epstein 1982,10.1021/ja00365a012,p.51,None,UNKNOWN,LITERATURE_ESTIMATE,REQUIRES_NEW_CALCULATION,Iodine radical recombination and solvent effects unresolved
k5_DKE,6.0e5,M^-1 s^-1,forward,2 HIO2 -> IO3- + HOI + H+,298.15,UNKNOWN,acidic,water,full-model optimization,fitted,De Kepper and Epstein 1982,10.1021/ja00365a012,p.51,Optimized from 4e6,UNKNOWN,GLOBAL_FIT,INCOMPATIBLE_WITH_MODERN_SUBSYSTEM_RATE,2013 direct isolation gives roughly 0.2-5 M^-1 s^-1 depending on sulfuric acid
k5_2013,0.2 to 5,M^-1 s^-1,forward,2 HIO2 -> IO3- + HOI + H+,298.15,UNKNOWN,0.60 to 0.08 M H2SO4,water,spectrophotometry with crotonic-acid HOI scavenger,measured,Schmitz and Furrow 2013,10.1002/kin.20791,abstract and kinetic analysis,None reported,range across acid concentrations,MEASURED_DIRECT,REQUIRES_CONDITION_MATCH,Demonstrates strong acid/speciation dependence and conflict with DKE k5
k6_DKE,1.0e4,M^-1 s^-1,forward,IO2 radical + Mn2+ + H2O -> HIO2 + MnOH2+,298.15,UNKNOWN,acidic,water,full-model selection informed by radical-cation analogies,fitted,De Kepper and Epstein 1982,10.1021/ja00365a012,p.51,Water absorbed into effective constant,UNKNOWN,GLOBAL_FIT,REQUIRES_REFORMULATION,Mn aqua/hydroxo coordination and ET/PCET topology unresolved
k7_DKE,3.2e4,M^-1 s^-1,forward,MnOH2+ + H2O2 -> Mn2+ + H2O + HO2 radical,298.15,2.23 to 4.90,1.00 to 3.70 M HClO4,water,stopped-flow spectrophotometry,derived,Davies Kirschenbaum and Kustin 1968,10.1021/ic50059a031,DKE p.51 / source article,Mapped from Mn(III)-peroxide mechanism,source kinetics condition-dependent,MEASURED_DERIVED,REQUIRES_CONDITION_CORRECTION,Acid and ionic strength exceed many BR recipes; MnOH2+ is an effective label
k8_DKE,7.5e5,M^-1 s^-1,forward,2 HO2 radical -> H2O2 + O2,298.15,UNKNOWN,acidic,water,aqueous radical kinetics,derived,De Kepper and Epstein 1982,10.1021/ja00365a012,p.51,None,UNKNOWN,MEASURED_DERIVED,USABLE_FOR_HISTORICAL_BASELINE,Modern evaluated value available
k8_NIST,8.3e5,M^-1 s^-1,forward,2 HO2 radical -> H2O2 + O2,298.15,UNKNOWN,HO2-dominant acidic regime,water,evaluated compilation,measured-derived,Bielski Cabelli Arudi and Ross 1985,10.1063/1.555739,NIST Solution Kinetics entry 1985BIE/CAB1041-1100:2,Recommended average of five datasets,not stated in database entry,MEASURED_DERIVED,REQUIRES_HO2_O2MINUS_SPECIATION,pKa about 4.8 makes pH transfer nontrivial
k9_DKE,40,M^-1 s^-1,forward,I2 + malonic acid -> iodomalonic acid + I- + H+,298.15,0.3,acidic NaClO4 medium,water,spectrophotometric subsystem and modeling,subsystem fitted,De Kepper and Epstein 1982,10.1021/ja00365a012,rate law V9,Rate divided by 1 + C9[I2] with C9=1e4 M^-1,UNKNOWN,SUBSYSTEM_FIT,REQUIRES_REFORMULATION,Lumps keto-enol conversion iodine speciation and iodination
C9_DKE,1.0e4,M^-1,denominator,I2 saturation term in R9,298.15,0.3,acidic NaClO4 medium,water,subsystem modeling,subsystem fitted,De Kepper and Epstein 1982,10.1021/ja00365a012,rate law V9,None,UNKNOWN,SUBSYSTEM_FIT,REQUIRES_REFORMULATION,Empirical saturation parameter not an equilibrium constant without further evidence
k10_DKE,37,M^-1 s^-1,forward,HOI + H2O2 -> I- + O2 + H+ + H2O,298.15,UNKNOWN,acidic iodine-peroxide system,water,subsystem kinetics,derived,Liebhafsky 1932 adopted by DKE,10.1021/ja01348a003,DKE p.52 rate law V10,None,UNKNOWN,MEASURED_DERIVED,CONDITIONALLY_COMPATIBLE,Close to modern species-specific value but conditions still require review
k10_HOI_H2O2_2020,29,M^-1 s^-1,forward,HOI + H2O2 -> I- + O2 + H+ + H2O,296.35 maximum,UNKNOWN,pH 4 to 12 with buffers and Ag+ at pH below 7,water,stopped-flow and batch ABTS,global species-specific regression,Shin et al. 2020,10.1016/j.watres.2020.115852,Table 2 and Eq.14,None,+/-5.2 M^-1 s^-1,MEASURED_DERIVED,REQUIRES_ACIDIC_UNBUFFERED_VALIDATION,Acidic measurements suppressed I2 formation with 100 micromolar Ag+
k_HOI_HO2minus_2020,3.1e8,M^-1 s^-1,forward,HOI + HO2- -> products,296.35 maximum,UNKNOWN,pH 4 to 12 buffered,water,stopped-flow and global speciation regression,global species-specific regression,Shin et al. 2020,10.1016/j.watres.2020.115852,Table 2 and Eq.14,None,+/-0.3e8 M^-1 s^-1,MEASURED_DERIVED,NOT_DIRECTLY_APPLICABLE_TO_ACIDIC_BR,HO2- fraction is small in strongly acidic BR but must be represented in physical chemistry mode
